,company,type,location,title,link,logo,company_overview
0,-,-,-,-,-,-,-
1,Foxbox Digital,Contract,Americas Only,Software Engineer,/remote-jobs/foxbox-digital-software-engineer,https://we-work-remotely.imgix.net/logos/0017/0557/logo.gif?ixlib=rails-4.0.0&w=50&h=50&dpr=2&fit=fill&auto=compress,/company/foxbox-digital
2,Twitch,Full-Time,Europe Only,Senior Backend Engineer,/remote-jobs/twitch-senior-backend-engineer,https://we-work-remotely.imgix.net/logos/0017/1202/logo.gif?ixlib=rails-4.0.0&w=50&h=50&dpr=2&fit=fill&auto=compress,/company/twitch
3,Capbase,Full-Time,Anywhere (100% Remote) Only,"Senior Javascript Engineer with strong AWS experience (Serverless, Lambda, DynamoDB, CloudFormation)",/remote-jobs/capbase-senior-javascript-engineer-with-strong-aws-experience-serverless-lambda-dynamodb-cloudformation-1,https://we-work-remotely.imgix.net/logos/0017/1196/logo.gif?ixlib=rails-4.0.0&w=50&h=50&dpr=2&fit=fill&auto=compress,/company/capbase
4,Secure Privacy,Full-Time,Anywhere (100% Remote) Only,Senior Frontend Web Developer (Angular/HTML/CSS/JS),/remote-jobs/secure-privacy-senior-frontend-web-developer-angular-html-css-js,https://we-work-remotely.imgix.net/logos/0017/1195/logo.gif?ixlib=rails-4.0.0&w=50&h=50&dpr=2&fit=fill&auto=compress,/company/secure-privacy
5,CVEDIA,Full-Time,Europe Only,Senior Unity Engineer for AI- Remote - EU Time Zone,/remote-jobs/cvedia-senior-unity-engineer-for-ai-remote-eu-time-zone,https://we-work-remotely.imgix.net/logos/0017/0694/logo.gif?ixlib=rails-4.0.0&w=50&h=50&dpr=2&fit=fill&auto=compress,/company/cvedia
6,Shogun,Full-Time,North America Only,Typescript + React Software Engineer,/remote-jobs/shogun-typescript-react-software-engineer,https://we-work-remotely.imgix.net/logos/0017/1190/logo.gif?ixlib=rails-4.0.0&w=50&h=50&dpr=2&fit=fill&auto=compress,/company/shogun
7,CommonLit,Full-Time,USA Only,"Junior or Mid-Level Full-Stack Software Engineer (Rails, React)",/remote-jobs/commonlit-junior-or-mid-level-full-stack-software-engineer-rails-react,https://we-work-remotely.imgix.net/logos/0017/1183/logo.gif?ixlib=rails-4.0.0&w=50&h=50&dpr=2&fit=fill&auto=compress,/company/commonlit
8,"Sherpa, Inc.",Full-Time,Americas Only,Front-end Developer for awesome small SaaS Startup,/remote-jobs/sherpa-inc-front-end-developer-for-awesome-small-saas-startup-1,https://we-work-remotely.imgix.net/logos/0016/1973/logo.gif?ixlib=rails-4.0.0&w=50&h=50&dpr=2&fit=fill&auto=compress,/company/sherpa-inc
9,Level,Full-Time,North America Only,Senior Front-End Developer,/remote-jobs/level-senior-front-end-developer-2,https://we-work-remotely.imgix.net/logos/0016/4046/logo.gif?ixlib=rails-4.0.0&w=50&h=50&dpr=2&fit=fill&auto=compress,/company/level
10,Postscript,Full-Time,North America Only,Fullstack Engineer,/remote-jobs/postscript-fullstack-engineer-1,https://we-work-remotely.imgix.net/logos/0016/4212/logo.gif?ixlib=rails-4.0.0&w=50&h=50&dpr=2&fit=fill&auto=compress,/company/postscript
11,Stacker,Full-Time,Anywhere (100% Remote) Only,QA Engineer (Europe Only),/remote-jobs/stacker-qa-engineer-europe-only,https://we-work-remotely.imgix.net/logos/0017/1168/logo.gif?ixlib=rails-4.0.0&w=50&h=50&dpr=2&fit=fill&auto=compress,/company/stacker
12,DEON,Full-Time,Europe Only,Developer Senior .NET C# Xamarin,/remote-jobs/deon-developer-senior-net-csharp-xamarin,https://we-work-remotely.imgix.net/logos/0016/3733/logo.gif?ixlib=rails-4.0.0&w=50&h=50&dpr=2&fit=fill&auto=compress,/company/deon
13,Stacker,Full-Time,Anywhere (100% Remote) Only,Product Engineer (Europe Only),/remote-jobs/stacker-product-engineer-europe-only,https://we-work-remotely.imgix.net/logos/0016/0038/logo.gif?ixlib=rails-4.0.0&w=50&h=50&dpr=2&fit=fill&auto=compress,/company/stacker
14,BRYTER,Full-Time,Anywhere (100% Remote) Only,"Frontend Engineer, Design Systems",/remote-jobs/bryter-frontend-engineer-design-systems,https://we-work-remotely.imgix.net/logos/0017/1157/logo.gif?ixlib=rails-4.0.0&w=50&h=50&dpr=2&fit=fill&auto=compress,/company/bryter
15,Jibble Group Sdn Bhd,Full-Time,Anywhere (100% Remote) Only,Senior Front-End Developer,/remote-jobs/jibble-group-sdn-bhd-senior-front-end-developer,https://we-work-remotely.imgix.net/logos/0017/1158/logo.gif?ixlib=rails-4.0.0&w=50&h=50&dpr=2&fit=fill&auto=compress,/company/jibble-group-sdn-bhd
16,ChartMogul,Full-Time,Europe Only,Backend Engineer,/remote-jobs/chartmogul-backend-engineer,https://we-work-remotely.imgix.net/logos/0017/1149/logo.gif?ixlib=rails-4.0.0&w=50&h=50&dpr=2&fit=fill&auto=compress,/company/chartmogul
17,Jibble Group Sdn Bhd,Full-Time,Anywhere (100% Remote) Only,Senior Back-End Developer,/remote-jobs/jibble-group-sdn-bhd-senior-back-end-developer,https://we-work-remotely.imgix.net/logos/0017/1193/logo.gif?ixlib=rails-4.0.0&w=50&h=50&dpr=2&fit=fill&auto=compress,/company/jibble-group-sdn-bhd
18,Aha!,Full-Time,North America Only,Ruby on Rails Engineer,/remote-jobs/aha-ruby-on-rails-engineer,https://we-work-remotely.imgix.net/logos/0017/1143/logo.gif?ixlib=rails-4.0.0&w=50&h=50&dpr=2&fit=fill&auto=compress,/company/aha
19,Aha!,Full-Time,North America Only,Lead Ruby on Rails Engineer,/remote-jobs/aha-lead-ruby-on-rails-engineer-1,https://we-work-remotely.imgix.net/logos/0017/1142/logo.gif?ixlib=rails-4.0.0&w=50&h=50&dpr=2&fit=fill&auto=compress,/company/aha
20,Aha!,Full-Time,North America Only,Senior Security Engineer — Program Management,/remote-jobs/aha-senior-security-engineer-program-management,https://we-work-remotely.imgix.net/logos/0017/1141/logo.gif?ixlib=rails-4.0.0&w=50&h=50&dpr=2&fit=fill&auto=compress,/company/aha
21,Aha!,Full-Time,North America Only,Senior Security Engineer — Ruby on Rails,/remote-jobs/aha-senior-security-engineer-ruby-on-rails,https://we-work-remotely.imgix.net/logos/0017/1140/logo.gif?ixlib=rails-4.0.0&w=50&h=50&dpr=2&fit=fill&auto=compress,/company/aha
22,Movatic,Full-Time,Anywhere (100% Remote) Only,Backend Developer,/remote-jobs/movatic-backend-developer,https://we-work-remotely.imgix.net/logos/0017/1134/logo.gif?ixlib=rails-4.0.0&w=50&h=50&dpr=2&fit=fill&auto=compress,/company/movatic
23,Iterative,Full-Time,Anywhere (100% Remote) Only,"Senior Software Engineer - Open Source, Dev Tools",/remote-jobs/iterative-senior-software-engineer-open-source-dev-tools,https://we-work-remotely.imgix.net/logos/0017/1130/logo.gif?ixlib=rails-4.0.0&w=50&h=50&dpr=2&fit=fill&auto=compress,/company/iterative
24,Modal,Full-Time,USA Only,Principal Architect,/remote-jobs/modal-principal-architect,https://we-work-remotely.imgix.net/logos/0016/9909/logo.gif?ixlib=rails-4.0.0&w=50&h=50&dpr=2&fit=fill&auto=compress,/company/modal
25,Toptal,Contract,Anywhere (100% Remote) Only,"Senior Backend Developer – Remote, Full-time",/remote-jobs/toptal-senior-backend-developer-remote-full-time,https://we-work-remotely.imgix.net/logos/0017/1123/logo.gif?ixlib=rails-4.0.0&w=50&h=50&dpr=2&fit=fill&auto=compress,/company/toptal
26,G2i Inc.,Contract,Americas Only,Remote Contract React Developer,/remote-jobs/g2i-inc-remote-contract-react-developer,https://we-work-remotely.imgix.net/logos/0016/2452/logo.gif?ixlib=rails-4.0.0&w=50&h=50&dpr=2&fit=fill&auto=compress,/company/g2i-inc
27,Qualio,Full-Time,Europe,Senior Software Developer,/remote-jobs/qualio-senior-software-developer,https://we-work-remotely.imgix.net/logos/0015/8605/logo.gif?ixlib=rails-4.0.0&w=50&h=50&dpr=2&fit=fill&auto=compress,/company/qualio
28,Delphi Digital,Contract,Anywhere (100% Remote) Only,"Go Developer, blockchain, decentralised finance (still open as of Sept 21st)",/remote-jobs/delphi-digital-go-developer-blockchain-decentralised-finance-still-open-as-of-sept-21st,https://we-work-remotely.imgix.net/logos/0017/0102/logo.gif?ixlib=rails-4.0.0&w=50&h=50&dpr=2&fit=fill&auto=compress,/company/delphi-digital
29,HubTran,Full-Time,USA Only,Senior Software Engineer - Ruby/Elm/React,/remote-jobs/hubtran-senior-software-engineer-ruby-elm-react,https://we-work-remotely.imgix.net/logos/0016/9331/logo.gif?ixlib=rails-4.0.0&w=50&h=50&dpr=2&fit=fill&auto=compress,/company/hubtran
30,Yet Another Mail Merge,Full-Time,Europe Only,Principal Software Engineer,/remote-jobs/yet-another-mail-merge-principal-software-engineer,https://we-work-remotely.imgix.net/logos/0017/0946/logo.gif?ixlib=rails-4.0.0&w=50&h=50&dpr=2&fit=fill&auto=compress,/company/yet-another-mail-merge
31,Yet Another Mail Merge,Full-Time,Anywhere (100% Remote) Only,Lead Websites Engineer,/remote-jobs/yet-another-mail-merge-lead-websites-engineer,https://we-work-remotely.imgix.net/logos/0017/1097/logo.gif?ixlib=rails-4.0.0&w=50&h=50&dpr=2&fit=fill&auto=compress,/company/yet-another-mail-merge
32,Sparkle CMS,Contract,North America Only,CSS Developer with Ruby on Rails Experience (remote),/remote-jobs/sparkle-cms-css-developer-with-ruby-on-rails-experience-remote-1,https://we-work-remotely.imgix.net/logos/0016/4477/logo.gif?ixlib=rails-4.0.0&w=50&h=50&dpr=2&fit=fill&auto=compress,/company/sparkle-cms
33,The SilverLogic,Full-Time,Americas Only,Full-Stack Software Engineer (Django+React) (Western Hemisphere),/remote-jobs/the-silverlogic-full-stack-software-engineer-django-react-western-hemisphere,https://we-work-remotely.imgix.net/logos/0017/0467/logo.gif?ixlib=rails-4.0.0&w=50&h=50&dpr=2&fit=fill&auto=compress,/company/the-silverlogic
34,RebelMouse,Full-Time,Anywhere (100% Remote) Only,Lead Cyber Security Engineer,/remote-jobs/rebelmouse-lead-cyber-security-engineer,https://we-work-remotely.imgix.net/logos/0017/1082/logo.gif?ixlib=rails-4.0.0&w=50&h=50&dpr=2&fit=fill&auto=compress,/company/rebelmouse
35,Wealthbox,Full-Time,USA Only,QA Analyst,/remote-jobs/wealthbox-qa-analyst,https://we-work-remotely.imgix.net/logos/0017/0449/logo.gif?ixlib=rails-4.0.0&w=50&h=50&dpr=2&fit=fill&auto=compress,/company/wealthbox
36,Wealthbox,Full-Time,USA Only,Senior Full-Stack Ruby on Rails Engineer,/remote-jobs/wealthbox-senior-full-stack-ruby-on-rails-engineer-1,https://we-work-remotely.imgix.net/logos/0017/0448/logo.gif?ixlib=rails-4.0.0&w=50&h=50&dpr=2&fit=fill&auto=compress,/company/wealthbox
37,"Skapa Tech, LLC",Full-Time,USA Only,React (Web & Native) Developer,/remote-jobs/skapa-tech-llc-react-web-native-developer,https://we-work-remotely.imgix.net/logos/0017/1068/logo.gif?ixlib=rails-4.0.0&w=50&h=50&dpr=2&fit=fill&auto=compress,/company/skapa-tech-llc
38,ConvertKit,Contract,Anywhere (100% Remote) Only,Wordpress plugin engineer,/remote-jobs/convertkit-wordpress-plugin-engineer,https://we-work-remotely.imgix.net/logos/0017/1067/logo.gif?ixlib=rails-4.0.0&w=50&h=50&dpr=2&fit=fill&auto=compress,/company/convertkit
39,Reforge,Full-Time,USA Only,Senior Rails + React Engineer,/remote-jobs/reforge-senior-rails-react-engineer-1,https://we-work-remotely.imgix.net/logos/0017/1050/logo.gif?ixlib=rails-4.0.0&w=50&h=50&dpr=2&fit=fill&auto=compress,/company/reforge
40,Alt & Dot,Contract,Anywhere (100% Remote) Only,Front End Developer (Shopify),/remote-jobs/alt-dot-front-end-developer-shopify-3,https://we-work-remotely.imgix.net/logos/0017/1052/logo.gif?ixlib=rails-4.0.0&w=50&h=50&dpr=2&fit=fill&auto=compress,/company/alt-dot
41,Sparkle CMS,Contract,North America Only,Senior Ruby on Rails Developer (remote),/remote-jobs/sparkle-cms-senior-ruby-on-rails-developer-remote-1,https://we-work-remotely.imgix.net/logos/0016/4476/logo.gif?ixlib=rails-4.0.0&w=50&h=50&dpr=2&fit=fill&auto=compress,/company/sparkle-cms
42,Deep Consulting Solutions,Full-Time,Anywhere (100% Remote) Only,Back End Software Engineer (Node.js),/remote-jobs/deep-consulting-solutions-back-end-software-engineer-node-js,https://we-work-remotely.imgix.net/logos/0017/1036/logo.gif?ixlib=rails-4.0.0&w=50&h=50&dpr=2&fit=fill&auto=compress,/company/deep-consulting-solutions
43,CartKit,Full-Time,Anywhere (100% Remote) Only,Backend Engineer @ CartKit,/remote-jobs/cartkit-backend-engineer-cartkit,https://we-work-remotely.imgix.net/logos/0016/3791/logo.gif?ixlib=rails-4.0.0&w=50&h=50&dpr=2&fit=fill&auto=compress,/company/cartkit
44,VertiStudio,Full-Time,Anywhere (100% Remote) Only,Lead WordPress Developer (PHP/JS),/remote-jobs/vertistudio-lead-wordpress-developer-php-js,https://we-work-remotely.imgix.net/logos/0017/0988/logo.gif?ixlib=rails-4.0.0&w=50&h=50&dpr=2&fit=fill&auto=compress,/company/vertistudio
45,"Modern Message, A RealPage Company",Full-Time,Anywhere (100% Remote) Only,Senior Ruby on Rails Engineer,/remote-jobs/modern-message-a-realpage-company-senior-ruby-on-rails-engineer,https://we-work-remotely.imgix.net/logos/0017/1204/logo.gif?ixlib=rails-4.0.0&w=50&h=50&dpr=2&fit=fill&auto=compress,/company/modern-message-a-realpage-company
46,x.ai,Full-Time,Anywhere (100% Remote) Only,Senior Back-end Engineer,/remote-jobs/x-ai-senior-back-end-engineer,https://we-work-remotely.imgix.net/logos/0017/1205/logo.gif?ixlib=rails-4.0.0&w=50&h=50&dpr=2&fit=fill&auto=compress,/company/x-ai
47,ColorElephant,Full-Time,-,Strong PHP Laravel Developer with MongoDB Knowledge,/remote-jobs/colorelephant-strong-php-laravel-developer-with-mongodb-knowledge,-,-
48,ColorElephant,Full-Time,-,ReactJS Developer,/remote-jobs/colorelephant-reactjs-developer,-,-
49,Perdoo GmbH,Full-Time,Europe Only,Backend Engineer (f/m/div),/remote-jobs/perdoo-gmbh-backend-engineer-f-m-div,-,-
50,Cargo,Full-Time,Anywhere (100% Remote) Only,"Backend Developer (PHP, Laravel)",/remote-jobs/cargo-backend-developer-php-laravel,https://we-work-remotely.imgix.net/logos/0017/1192/logo.gif?ixlib=rails-4.0.0&w=50&h=50&dpr=2&fit=fill&auto=compress,/company/cargo
51,Goboony,Full-Time,Europe Only,Senior Back-end (Ruby on) Rails Developer,/remote-jobs/goboony-senior-back-end-ruby-on-rails-developer,https://we-work-remotely.imgix.net/logos/0017/1188/logo.gif?ixlib=rails-4.0.0&w=50&h=50&dpr=2&fit=fill&auto=compress,/company/goboony
52,MeetEdgar,Contract,Anywhere (100% Remote) Only,Full Stack Developer,/remote-jobs/meetedgar-full-stack-developer-1,-,-
53,"eHungry, Inc.",Contract,North America Only,"Web Application Developer (PHP) - Remote, Full-Time",/remote-jobs/ehungry-inc-web-application-developer-php-remote-full-time,-,-
54,Kyero,Full-Time,Europe Only,Senior Software Engineer ,/remote-jobs/kyero-senior-software-engineer-1,https://we-work-remotely.imgix.net/logos/0017/1177/logo.gif?ixlib=rails-4.0.0&w=50&h=50&dpr=2&fit=fill&auto=compress,/company/kyero
55,Arc,Full-Time,Americas Only,Full Stack Engineer,/remote-jobs/arc-full-stack-engineer,https://we-work-remotely.imgix.net/logos/0017/1176/logo.gif?ixlib=rails-4.0.0&w=50&h=50&dpr=2&fit=fill&auto=compress,/company/arc
56,Arc,Full-Time,Americas Only,Senior Front-End Software Engineer,/remote-jobs/arc-senior-front-end-software-engineer,https://we-work-remotely.imgix.net/logos/0017/1175/logo.gif?ixlib=rails-4.0.0&w=50&h=50&dpr=2&fit=fill&auto=compress,/company/arc
57,Arc,Full-Time,Americas Only,Senior Back-End Developer ,/remote-jobs/arc-senior-back-end-developer,https://we-work-remotely.imgix.net/logos/0017/1174/logo.gif?ixlib=rails-4.0.0&w=50&h=50&dpr=2&fit=fill&auto=compress,/company/arc
58,Arc,Full-Time,Anywhere (100% Remote) Only,Mobile Developer,/remote-jobs/arc-mobile-developer,https://we-work-remotely.imgix.net/logos/0017/1173/logo.gif?ixlib=rails-4.0.0&w=50&h=50&dpr=2&fit=fill&auto=compress,/company/arc
59,Clevertech,Full-Time,Anywhere (100% Remote) Only,Ruby on Rails Architect (Hands on),/remote-jobs/clevertech-ruby-on-rails-architect-hands-on-1,https://we-work-remotely.imgix.net/logos/0017/1171/logo.gif?ixlib=rails-4.0.0&w=50&h=50&dpr=2&fit=fill&auto=compress,/company/clevertech
60,x.ai,Full-Time,Anywhere (100% Remote) Only,Senior Front-end Engineer,/remote-jobs/x-ai-senior-front-end-engineer,https://we-work-remotely.imgix.net/logos/0017/1169/logo.gif?ixlib=rails-4.0.0&w=50&h=50&dpr=2&fit=fill&auto=compress,/company/x-ai
61,Inbound FinTech,Full-Time,Anywhere (100% Remote) Only,Senior Integrations Developer,/remote-jobs/inbound-fintech-senior-integrations-developer,-,-
62,Fleetio,Full-Time,USA Only,Senior Software Engineer (React + Rails),/remote-jobs/fleetio-senior-software-engineer-react-rails,-,-
63,aThemes,Contract,Anywhere (100% Remote) Only,Front End Developer (WordPress) ,/remote-jobs/athemes-front-end-developer-wordpress,https://we-work-remotely.imgix.net/logos/0017/1159/logo.gif?ixlib=rails-4.0.0&w=50&h=50&dpr=2&fit=fill&auto=compress,/company/athemes
64,Easygenerator,Full-Time,EMEA Only,Experienced full-stack developer (remote with 4 meetups per year in Dubai),/remote-jobs/easygenerator-experienced-full-stack-developer-remote-with-4-meetups-per-year-in-dubai,-,-
65,Current Media,Full-Time,Anywhere (100% Remote) Only,QA Engineer,/remote-jobs/current-media-qa-engineer,-,-
66,Current Media,Full-Time,Anywhere (100% Remote) Only,Senior Backend Engineer,/remote-jobs/current-media-senior-backend-engineer,-,-
67,Current Media,Full-Time,Anywhere (100% Remote) Only,Senior Android Engineer,/remote-jobs/current-media-senior-android-engineer-1,-,-
68,ReCharge Payments,Full-Time,North America Only,Data Architect,/remote-jobs/recharge-payments-data-architect,https://we-work-remotely.imgix.net/logos/0017/1139/logo.gif?ixlib=rails-4.0.0&w=50&h=50&dpr=2&fit=fill&auto=compress,/company/recharge-payments
69,ReCharge Payments,Full-Time,North America Only,QA Automation Engineer,/remote-jobs/recharge-payments-qa-automation-engineer,https://we-work-remotely.imgix.net/logos/0017/1138/logo.gif?ixlib=rails-4.0.0&w=50&h=50&dpr=2&fit=fill&auto=compress,/company/recharge-payments
70,Clevertech,Full-Time,Anywhere (100% Remote) Only,Sr. Fullstack Javascript Developer (React/Node),/remote-jobs/clevertech-sr-fullstack-javascript-developer-react-node,https://we-work-remotely.imgix.net/logos/0017/0965/logo.gif?ixlib=rails-4.0.0&w=50&h=50&dpr=2&fit=fill&auto=compress,/company/clevertech
71,Barrel,Full-Time,Americas Only,Tech Lead (Web Development),/remote-jobs/barrel-tech-lead-web-development,https://we-work-remotely.imgix.net/logos/0017/1131/logo.gif?ixlib=rails-4.0.0&w=50&h=50&dpr=2&fit=fill&auto=compress,/company/barrel
72,Qurious,Full-Time,Anywhere (100% Remote) Only,Kaldi Speech Recognition Scientist (ASR),/remote-jobs/qurious-kaldi-speech-recognition-scientist-asr,-,-
73,"Torre Labs, Inc.",Full-Time,Americas Only,Senior Software Engineer Remote,/remote-jobs/torre-labs-inc-senior-software-engineer-remote,https://we-work-remotely.imgix.net/logos/0017/0540/logo.gif?ixlib=rails-4.0.0&w=50&h=50&dpr=2&fit=fill&auto=compress,/company/torre-labs-inc
74,Invisible AI,Full-Time,USA Only,Frontend Engineer - React/Redux,/remote-jobs/invisible-ai-frontend-engineer-react-redux,-,-
75,Unhaggle Inc.,Full-Time,Any,Full Stack Developer (Python & Vue.js),/remote-jobs/unhaggle-inc-full-stack-developer-python-vue-js-2,-,-
76,ShipHero,Full-Time,Anywhere (100% Remote) Only,Security Engineer,/remote-jobs/shiphero-security-engineer-1,-,-
77,AmerisourceBergen,Full-Time,USA Only,Lead Frontend Software/UX Engineer,/remote-jobs/amerisourcebergen-lead-frontend-software-ux-engineer,-,-
78,Likvido ApS,Full-Time,Anywhere (100% Remote) Only,Remote senior full-stack .NET developer for ambitious fintech start-up,/remote-jobs/likvido-aps-remote-senior-full-stack-net-developer-for-ambitious-fintech-start-up-1,-,-
79,RevTopper,Full-Time,Americas Only,Software Engineer - Technical Lead,/remote-jobs/revtopper-software-engineer-technical-lead,https://we-work-remotely.imgix.net/logos/0017/1115/logo.gif?ixlib=rails-4.0.0&w=50&h=50&dpr=2&fit=fill&auto=compress,/company/revtopper
80,Reblaze,Full-Time,Anywhere (100% Remote) Only,Vue JS Wizard,/remote-jobs/reblaze-vue-js-wizard,-,-
81,Breezy HR ,Full-Time,USA Only,Backend Node.js Javascript Engineer,/remote-jobs/breezy-hr-backend-node-js-javascript-engineer,-,-
82,Red Hat,Full-Time,US only,Agile Architect,/remote-jobs/red-hat-agile-architect,https://we-work-remotely.imgix.net/logos/0015/6713/logo.gif?ixlib=rails-4.0.0&w=50&h=50&dpr=2&fit=fill&auto=compress,/company/red-hat
83,Doximity,Full-Time,North America Only,"Senior Engineer, Manager",/remote-jobs/doximity-senior-engineer-manager,https://we-work-remotely.imgix.net/logos/0017/0529/logo.gif?ixlib=rails-4.0.0&w=50&h=50&dpr=2&fit=fill&auto=compress,/company/doximity
84,Sector Labs,Full-Time,Europe Only,Senior Full Stack Engineer,/remote-jobs/sector-labs-senior-full-stack-engineer,https://we-work-remotely.imgix.net/logos/0016/9311/logo.gif?ixlib=rails-4.0.0&w=50&h=50&dpr=2&fit=fill&auto=compress,/company/sector-labs
85,MailerLite,Full-Time,Anywhere (100% Remote) Only,Laravel and Vue.js Developer,/remote-jobs/mailerlite-laravel-and-vue-js-developer-3,-,-
86,MailerLite,Full-Time,Europe Only,Senior PHP Developer,/remote-jobs/mailerlite-senior-php-developer,-,-
87,Printavo,Full-Time,USA Only,Sr Software Engineer (Bootstrapped/Ruby on Rails),/remote-jobs/printavo-sr-software-engineer-bootstrapped-ruby-on-rails-1,https://we-work-remotely.imgix.net/logos/0016/4186/logo.gif?ixlib=rails-4.0.0&w=50&h=50&dpr=2&fit=fill&auto=compress,/company/printavo
88,Yolobe Inc.,Contract,Anywhere (100% Remote) Only,Senior Software Engineer,/remote-jobs/yolobe-inc-senior-software-engineer,-,-
89,neuronbits,Full-Time,Anywhere (100% Remote) Only,CTO (Chief Technical Officer),/remote-jobs/neuronbits-cto-chief-technical-officer,-,-
90,neuronbits,Full-Time,Anywhere (100% Remote) Only,Senior Software Engineer,/remote-jobs/neuronbits-senior-software-engineer,-,-
91,FullStack Labs,Full-Time,Americas Only,React.js Developer (Remote),/remote-jobs/fullstack-labs-react-js-developer-remote,-,-
92,Clevertech,Full-Time,Anywhere (100% Remote) Only,Ruby on Rails Architect (Hands on),/remote-jobs/clevertech-ruby-on-rails-architect-hands-on,-,-
93,Farmgirl Flowers,Full-Time,-,Front-End Engineer,/remote-jobs/farmgirl-flowers-front-end-engineer,https://we-work-remotely.imgix.net/logos/0017/0468/logo.gif?ixlib=rails-4.0.0&w=50&h=50&dpr=2&fit=fill&auto=compress,/company/farmgirl-flowers
94,Beyond Pricing,Full-Time,Europe Only,Senior Backend Engineer,/remote-jobs/beyond-pricing-senior-backend-engineer,https://we-work-remotely.imgix.net/logos/0017/1081/logo.gif?ixlib=rails-4.0.0&w=50&h=50&dpr=2&fit=fill&auto=compress,/company/beyond-pricing
95,Hopin,Full-Time,Anywhere (100% Remote) Only,Back End Engineer - NodeJS,/remote-jobs/hopin-back-end-engineer-nodejs,https://we-work-remotely.imgix.net/logos/0016/2394/logo.gif?ixlib=rails-4.0.0&w=50&h=50&dpr=2&fit=fill&auto=compress,/company/hopin
96,Brightflow AI,Full-Time,USA Only,Senior Software Engineer (Full-Stack),/remote-jobs/brightflow-ai-senior-software-engineer-full-stack,-,-
97,Markup,Full-Time,Europe Only,Senior Software Engineer (Backend PHP. Mid-level also considered),/remote-jobs/markup-senior-software-engineer-backend-php-mid-level-also-considered,-,-
98,FingerprintJS,Full-Time,Anywhere (100% Remote) Only,"Mobile Software Engineer, iOS (Swift)",/remote-jobs/fingerprintjs-mobile-software-engineer-ios-swift,https://we-work-remotely.imgix.net/logos/0017/0424/logo.gif?ixlib=rails-4.0.0&w=50&h=50&dpr=2&fit=fill&auto=compress,/company/fingerprintjs
99,FingerprintJS,Full-Time,Anywhere (100% Remote) Only,Full-stack JavaScript developer,/remote-jobs/fingerprintjs-full-stack-javascript-developer-1,https://we-work-remotely.imgix.net/logos/0016/9607/logo.gif?ixlib=rails-4.0.0&w=50&h=50&dpr=2&fit=fill&auto=compress,/company/fingerprintjs
100,FingerprintJS,Full-Time,Anywhere (100% Remote) Only,Senior Golang Engineer,/remote-jobs/fingerprintjs-senior-golang-engineer,https://we-work-remotely.imgix.net/logos/0017/0417/logo.gif?ixlib=rails-4.0.0&w=50&h=50&dpr=2&fit=fill&auto=compress,/company/fingerprintjs
101,Elevate Labs,Full-Time,Americas Only,Senior iOS Engineer,/remote-jobs/elevate-labs-senior-ios-engineer,-,-
102,Frazer Computing,Full-Time,USA Only,Full-Stack Software Engineer,/remote-jobs/frazer-computing-full-stack-software-engineer,-,-
103,We Make Websites,Full-Time,-,Front-end/ Full Stack Developer,/remote-jobs/we-make-websites-front-end-full-stack-developer,https://we-work-remotely.imgix.net/logos/0017/0410/logo.gif?ixlib=rails-4.0.0&w=50&h=50&dpr=2&fit=fill&auto=compress,/company/we-make-websites
104,Automattic,Full-Time,Anywhere (100% Remote) Only,Senior PHP Developer,/remote-jobs/automattic-senior-php-developer,https://we-work-remotely.imgix.net/logos/0017/1042/logo.gif?ixlib=rails-4.0.0&w=50&h=50&dpr=2&fit=fill&auto=compress,/company/automattic
105,EasyPractice,Full-Time,Europe Only,⚒️ Laravel and VueJS developer,/remote-jobs/easypractice-laravel-and-vuejs-developer-1,https://we-work-remotely.imgix.net/logos/0017/1040/logo.gif?ixlib=rails-4.0.0&w=50&h=50&dpr=2&fit=fill&auto=compress,/company/easypractice
106,Doximity,Full-Time,North America Only,"Software Engineer, Android (Kotlin)",/remote-jobs/doximity-software-engineer-android-kotlin,https://we-work-remotely.imgix.net/logos/0016/9248/logo.gif?ixlib=rails-4.0.0&w=50&h=50&dpr=2&fit=fill&auto=compress,/company/doximity
107,X-Team,Full-Time,Anywhere (100% Remote) Only,"React, TypeScript and GraphQL",/remote-jobs/x-team-react-typescript-and-graphql,https://we-work-remotely.imgix.net/logos/0015/7920/logo.gif?ixlib=rails-4.0.0&w=50&h=50&dpr=2&fit=fill&auto=compress,/company/x-team
108,X-Team,Full-Time,Anywhere (100% Remote) Only,Python/AWS Developer,/remote-jobs/x-team-python-aws-developer,https://we-work-remotely.imgix.net/logos/0015/7274/logo.gif?ixlib=rails-4.0.0&w=50&h=50&dpr=2&fit=fill&auto=compress,/company/x-team
109,Thesis,Full-Time,Anywhere (100% Remote) Only,Front End Engineer,/remote-jobs/thesis-front-end-engineer,-,-
110,ComplianceMate,Full-Time,USA Only,Senior Software Engineer (Ruby on Rails),/remote-jobs/compliancemate-senior-software-engineer-ruby-on-rails-1,https://we-work-remotely.imgix.net/logos/0017/1031/logo.gif?ixlib=rails-4.0.0&w=50&h=50&dpr=2&fit=fill&auto=compress,/company/compliancemate
111,Bridebook,Full-Time,Europe Only,Full-Stack Developer,/remote-jobs/bridebook-full-stack-developer,https://we-work-remotely.imgix.net/logos/0017/1030/logo.gif?ixlib=rails-4.0.0&w=50&h=50&dpr=2&fit=fill&auto=compress,/company/bridebook
112,IntakeQ,Full-Time,Canada Only,"Full Stack Engineer (C#, AngularJS)",/remote-jobs/intakeq-full-stack-engineer-c-angularjs,https://we-work-remotely.imgix.net/logos/0017/1022/logo.gif?ixlib=rails-4.0.0&w=50&h=50&dpr=2&fit=fill&auto=compress,/company/intakeq
113,Storetasker,Contract,Anywhere (100% Remote) Only,Freelance Shopify Developer,/remote-jobs/storetasker-freelance-shopify-developer,https://we-work-remotely.imgix.net/logos/0016/4129/logo.gif?ixlib=rails-4.0.0&w=50&h=50&dpr=2&fit=fill&auto=compress,/company/storetasker
114,ReCharge Payments,Full-Time,North America Only,Senior Software Engineer,/remote-jobs/recharge-payments-senior-software-engineer-3,https://we-work-remotely.imgix.net/logos/0017/1007/logo.gif?ixlib=rails-4.0.0&w=50&h=50&dpr=2&fit=fill&auto=compress,/company/recharge-payments
115,ReCharge Payments,Full-Time,North America Only,"Senior Software Engineer, Platform Services",/remote-jobs/recharge-payments-senior-software-engineer-platform-services-1,https://we-work-remotely.imgix.net/logos/0017/1004/logo.gif?ixlib=rails-4.0.0&w=50&h=50&dpr=2&fit=fill&auto=compress,/company/recharge-payments
116,CodeLathe Technologies Inc,Contract,Anywhere (100% Remote) Only,Front End Software Engineer,/remote-jobs/codelathe-technologies-inc-front-end-software-engineer-1,https://we-work-remotely.imgix.net/logos/0016/9233/logo.gif?ixlib=rails-4.0.0&w=50&h=50&dpr=2&fit=fill&auto=compress,/company/codelathe-technologies-inc
117,ReCharge Payments,Full-Time,North America Only,"Engineering Manager, Platform API",/remote-jobs/recharge-payments-engineering-manager-platform-api-1,https://we-work-remotely.imgix.net/logos/0017/0996/logo.gif?ixlib=rails-4.0.0&w=50&h=50&dpr=2&fit=fill&auto=compress,/company/recharge-payments
118,ReCharge Payments,Full-Time,North America Only,Senior DevOps Engineer,/remote-jobs/recharge-payments-senior-devops-engineer-1,https://we-work-remotely.imgix.net/logos/0017/0993/logo.gif?ixlib=rails-4.0.0&w=50&h=50&dpr=2&fit=fill&auto=compress,/company/recharge-payments
119,ClipboardHealth,Full-Time,USA Only,Associate Corporate Counsel,/remote-jobs/clipboardhealth-associate-corporate-counsel,-,-
120,ClipboardHealth,Full-Time,Anywhere (100% Remote) Only,Senior Software Architect,/remote-jobs/clipboardhealth-senior-software-architect,-,-
121,DroneDeploy,Full-Time,USA Only,"Senior Frontend Software Engineer, Mobile (SF Bay Area/Remote)",/remote-jobs/dronedeploy-senior-frontend-software-engineer-mobile-sf-bay-area-remote,https://we-work-remotely.imgix.net/logos/0016/4122/logo.gif?ixlib=rails-4.0.0&w=50&h=50&dpr=2&fit=fill&auto=compress,/company/dronedeploy
122,Convert Cold Media LLC,Full-Time,USA Only,Junior-Level Programmer,/remote-jobs/convert-cold-media-llc-junior-level-programmer,https://we-work-remotely.imgix.net/logos/0017/0984/logo.gif?ixlib=rails-4.0.0&w=50&h=50&dpr=2&fit=fill&auto=compress,/company/convert-cold-media-llc
123,ElectionBuddy,Full-Time,Americas Only,Team Lead (Ruby on Rails),/remote-jobs/electionbuddy-team-lead-ruby-on-rails,-,-
124,Sticker Mule,Full-Time,Anywhere (100% Remote) Only,Go engineer,/remote-jobs/sticker-mule-go-engineer,https://we-work-remotely.imgix.net/logos/0017/0983/logo.gif?ixlib=rails-4.0.0&w=50&h=50&dpr=2&fit=fill&auto=compress,/company/sticker-mule
125,Geektastic,Full-Time,Anywhere (100% Remote) Only,JavaScript Developer - Fully Remote,/remote-jobs/geektastic-javascript-developer-fully-remote-1,https://we-work-remotely.imgix.net/logos/0017/0958/logo.gif?ixlib=rails-4.0.0&w=50&h=50&dpr=2&fit=fill&auto=compress,/company/geektastic
126,Knack,Full-Time,USA Only,Frontend Engineer,/remote-jobs/knack-frontend-engineer-3,https://we-work-remotely.imgix.net/logos/0015/8516/logo.gif?ixlib=rails-4.0.0&w=50&h=50&dpr=2&fit=fill&auto=compress,/company/knack
127,Currencycloud,Full-Time,Europe Only,Java Software Engineer,/remote-jobs/currencycloud-java-software-engineer,https://we-work-remotely.imgix.net/logos/0017/0980/logo.gif?ixlib=rails-4.0.0&w=50&h=50&dpr=2&fit=fill&auto=compress,/company/currencycloud
128,MercuryWorks,Full-Time,Anywhere (100% Remote) Only,WordPress Developer,/remote-jobs/mercuryworks-wordpress-developer,https://we-work-remotely.imgix.net/logos/0017/0979/logo.gif?ixlib=rails-4.0.0&w=50&h=50&dpr=2&fit=fill&auto=compress,/company/mercuryworks
129,CRISP STUDIO,Full-Time,Europe Only,Full Stack Javascript Developer,/remote-jobs/crisp-studio-full-stack-javascript-developer,-,-
130,Replay Poker,Full-Time,Anywhere (100% Remote) Only,Senior Fullstack Developer with Security Focus,/remote-jobs/replay-poker-senior-fullstack-developer-with-security-focus,https://we-work-remotely.imgix.net/logos/0017/0972/logo.gif?ixlib=rails-4.0.0&w=50&h=50&dpr=2&fit=fill&auto=compress,/company/replay-poker
131,Replay Poker,Full-Time,Anywhere (100% Remote) Only,Lead Frontend Developer,/remote-jobs/replay-poker-lead-frontend-developer-1,https://we-work-remotely.imgix.net/logos/0017/0971/logo.gif?ixlib=rails-4.0.0&w=50&h=50&dpr=2&fit=fill&auto=compress,/company/replay-poker
132,Ebury,Contract,Europe Only,VP Architecture,/remote-jobs/ebury-vp-architecture,-,-
133,Chili Piper,Full-Time,Anywhere (100% Remote) Only,Front End Engineer,/remote-jobs/chili-piper-front-end-engineer,https://we-work-remotely.imgix.net/logos/0016/2421/logo.gif?ixlib=rails-4.0.0&w=50&h=50&dpr=2&fit=fill&auto=compress,/company/chili-piper
134,"Mixmax, Inc.",Full-Time,EMEA Only,Sr. Software Engineer (Platform),/remote-jobs/mixmax-inc-sr-software-engineer-platform,https://we-work-remotely.imgix.net/logos/0017/0968/logo.gif?ixlib=rails-4.0.0&w=50&h=50&dpr=2&fit=fill&auto=compress,/company/mixmax-inc
135,Farmstead,Full-Time,Americas Only,Senior Full-Stack Software Engineer,/remote-jobs/farmstead-senior-full-stack-software-engineer,https://we-work-remotely.imgix.net/logos/0016/1994/logo.gif?ixlib=rails-4.0.0&w=50&h=50&dpr=2&fit=fill&auto=compress,/company/farmstead
136,"Rocket Communications, Inc.",Full-Time,USA Only,Senior Front End Developer (Angular),/remote-jobs/rocket-communications-inc-senior-front-end-developer-angular,-,-
137,Automattic,Full-Time,Anywhere (100% Remote) Only,Integrations Engineer (Matrix/WordPress),/remote-jobs/automattic-integrations-engineer-matrix-wordpress,https://we-work-remotely.imgix.net/logos/0017/0956/logo.gif?ixlib=rails-4.0.0&w=50&h=50&dpr=2&fit=fill&auto=compress,/company/automattic
138,TimeZest,Full-Time,Anywhere (100% Remote) Only,Senior Ruby on Rails Engineer,/remote-jobs/timezest-senior-ruby-on-rails-engineer,https://we-work-remotely.imgix.net/logos/0017/0951/logo.gif?ixlib=rails-4.0.0&w=50&h=50&dpr=2&fit=fill&auto=compress,/company/timezest
139,Credit Glory,Full-Time,Anywhere (100% Remote) Only,Senior Rails Full Stack Developer,/remote-jobs/credit-glory-senior-rails-full-stack-developer,-,-
140,42 TECH,Full-Time,-,"Software Engineer (Full Time, Remote)",/remote-jobs/42-tech-software-engineer-full-time-remote,https://we-work-remotely.imgix.net/logos/0017/0305/logo.gif?ixlib=rails-4.0.0&w=50&h=50&dpr=2&fit=fill&auto=compress,/company/42-tech
141,Airtable,Contract,USA Only,QA Analyst (Contract),/remote-jobs/airtable-qa-analyst-contract,https://we-work-remotely.imgix.net/logos/0017/0294/logo.gif?ixlib=rails-4.0.0&w=50&h=50&dpr=2&fit=fill&auto=compress,/company/airtable
142,Hopin,Full-Time,Anywhere (100% Remote) Only,Senior Back End Engineer ,/remote-jobs/hopin-senior-back-end-engineer,https://we-work-remotely.imgix.net/logos/0016/2390/logo.gif?ixlib=rails-4.0.0&w=50&h=50&dpr=2&fit=fill&auto=compress,/company/hopin
143,Doximity,Full-Time,USA Only,"Software Engineer, Full Stack ",/remote-jobs/doximity-software-engineer-full-stack,https://we-work-remotely.imgix.net/logos/0016/9961/logo.gif?ixlib=rails-4.0.0&w=50&h=50&dpr=2&fit=fill&auto=compress,/company/doximity
144,Clipboard Health,Full-Time,Anywhere (100% Remote) Only,QA Team Lead,/remote-jobs/clipboard-health-qa-team-lead,-,-
145,Calldrip,Full-Time,Anywhere (100% Remote) Only,Integrations Engineer / Software Developer,/remote-jobs/calldrip-integrations-engineer-software-developer,-,-
146,Ebury,Contract,Europe Only,Senior Salesforce Developer - Remote,/remote-jobs/ebury-senior-salesforce-developer-remote,-,-
147,X-Team,Full-Time,Anywhere (100% Remote) Only,Cordova Developer,/remote-jobs/x-team-cordova-developer,https://we-work-remotely.imgix.net/logos/0015/6559/logo.gif?ixlib=rails-4.0.0&w=50&h=50&dpr=2&fit=fill&auto=compress,/company/x-team
148,teelaunch,Full-Time,Anywhere (100% Remote) Only,Javascript Developer for teelaunch,/remote-jobs/teelaunch-javascript-developer-for-teelaunch,https://we-work-remotely.imgix.net/logos/0017/0942/logo.gif?ixlib=rails-4.0.0&w=50&h=50&dpr=2&fit=fill&auto=compress,/company/teelaunch
149,Clear Summit,Full-Time,Americas Only,Software Engineer for Digital Agency,/remote-jobs/clear-summit-software-engineer-for-digital-agency,https://we-work-remotely.imgix.net/logos/0017/0346/logo.gif?ixlib=rails-4.0.0&w=50&h=50&dpr=2&fit=fill&auto=compress,/company/clear-summit
150,"Theorem, LLC",Full-Time,Anywhere (100% Remote) Only,Experienced Front End Engineer - React - Remote,/remote-jobs/theorem-llc-experienced-front-end-engineer-react-remote,https://we-work-remotely.imgix.net/logos/0016/9721/logo.gif?ixlib=rails-4.0.0&w=50&h=50&dpr=2&fit=fill&auto=compress,/company/theorem-llc
151,"Theorem, LLC",Full-Time,Anywhere (100% Remote) Only,Engineering Manager - Remote,/remote-jobs/theorem-llc-engineering-manager-remote,-,-
152,DBL,Full-Time,Anywhere (100% Remote) Only,Senior Backend Developer (Ruby),/remote-jobs/dbl-senior-backend-developer-ruby,https://we-work-remotely.imgix.net/logos/0016/0007/logo.gif?ixlib=rails-4.0.0&w=50&h=50&dpr=2&fit=fill&auto=compress,/company/dbl
153,Credit Glory,Full-Time,Anywhere (100% Remote) Only,Test Automation Engineer,/remote-jobs/credit-glory-test-automation-engineer,https://we-work-remotely.imgix.net/logos/0017/0318/logo.gif?ixlib=rails-4.0.0&w=50&h=50&dpr=2&fit=fill&auto=compress,/company/credit-glory
154,Axios,Full-Time,USA Only,Senior Mobile Engineer (React Native),/remote-jobs/axios-senior-mobile-engineer-react-native,-,-
155,Impactian,Contract,Anywhere (100% Remote) Only,"Freelance C# Developer - Remote, Full-time/Part-time Options",/remote-jobs/impactian-freelance-csharp-developer-remote-full-time-part-time-options,-,-
156,Impactian,Contract,Anywhere (100% Remote) Only,"Freelance Java Developer - 100% Remote, Full-time/Part-time Options",/remote-jobs/impactian-freelance-java-developer-100-remote-full-time-part-time-options,-,-
157,RebelMouse,Full-Time,Anywhere (100% Remote) Only,Senior Python Engineer,/remote-jobs/rebelmouse-senior-python-engineer,https://we-work-remotely.imgix.net/logos/0017/0934/logo.gif?ixlib=rails-4.0.0&w=50&h=50&dpr=2&fit=fill&auto=compress,/company/rebelmouse
158,Tyler Technologies,Full-Time,USA Only,"Infrastructure Engineer (Site Reliability Engineer, SRE)",/remote-jobs/tyler-technologies-infrastructure-engineer-site-reliability-engineer-sre,-,-
159,Otus,Full-Time,USA Only,Sr. Back End Application Engineer,/remote-jobs/otus-sr-back-end-application-engineer,https://we-work-remotely.imgix.net/logos/0017/0930/logo.gif?ixlib=rails-4.0.0&w=50&h=50&dpr=2&fit=fill&auto=compress,/company/otus
160,iFit ,Full-Time,U.S.A ,Mobile Developer (Remote or On site) ,/remote-jobs/ifit-mobile-developer-remote-or-on-site,https://we-work-remotely.imgix.net/logos/0016/9691/logo.gif?ixlib=rails-4.0.0&w=50&h=50&dpr=2&fit=fill&auto=compress,/company/ifit
161,Otus,Full-Time,USA Only,Sr. Front End Infrastructure / Platform Engineer,/remote-jobs/otus-sr-front-end-infrastructure-platform-engineer,https://we-work-remotely.imgix.net/logos/0017/0929/logo.gif?ixlib=rails-4.0.0&w=50&h=50&dpr=2&fit=fill&auto=compress,/company/otus
162,Chili Piper,Full-Time,Anywhere (100% Remote) Only,Back End Engineer,/remote-jobs/chili-piper-back-end-engineer-1,https://we-work-remotely.imgix.net/logos/0017/0055/logo.gif?ixlib=rails-4.0.0&w=50&h=50&dpr=2&fit=fill&auto=compress,/company/chili-piper
163,X-Team,Full-Time,Anywhere (100% Remote) Only,Full Stack JS Developer,/remote-jobs/x-team-full-stack-js-developer,https://we-work-remotely.imgix.net/logos/0015/7200/logo.gif?ixlib=rails-4.0.0&w=50&h=50&dpr=2&fit=fill&auto=compress,/company/x-team
164,X-Team,Full-Time,Anywhere (100% Remote) Only,Squarespace Developer,/remote-jobs/x-team-squarespace-developer,https://we-work-remotely.imgix.net/logos/0015/7198/logo.gif?ixlib=rails-4.0.0&w=50&h=50&dpr=2&fit=fill&auto=compress,/company/x-team
165,Designlab,Full-Time,Anywhere (100% Remote) Only,UI Developer,/remote-jobs/designlab-ui-developer,-,-
166,HeySummit,Full-Time,Anywhere (100% Remote) Only,Fullstack Product Engineer (Django),/remote-jobs/heysummit-fullstack-product-engineer-django,-,-
167,WeTransfer,Full-Time,Europe Only,Senior Software Engineer in Test,/remote-jobs/wetransfer-senior-software-engineer-in-test,https://we-work-remotely.imgix.net/logos/0017/0917/logo.gif?ixlib=rails-4.0.0&w=50&h=50&dpr=2&fit=fill&auto=compress,/company/wetransfer
168,Credit Glory,Full-Time,Anywhere (100% Remote) Only,Senior Rails Engineer,/remote-jobs/credit-glory-senior-rails-engineer,https://we-work-remotely.imgix.net/logos/0016/4213/logo.gif?ixlib=rails-4.0.0&w=50&h=50&dpr=2&fit=fill&auto=compress,/company/credit-glory
169,ScalaMed,Full-Time,Anywhere (100% Remote) Only,Senior Full Stack Developer (Engineer) - NodeJS/React - Healthcare,/remote-jobs/scalamed-senior-full-stack-developer-engineer-nodejs-react-healthcare,-,-
170,SendOwl,Full-Time,Anywhere (100% Remote) Only,Full stack engineer,/remote-jobs/sendowl-full-stack-engineer,https://we-work-remotely.imgix.net/logos/0017/0903/logo.gif?ixlib=rails-4.0.0&w=50&h=50&dpr=2&fit=fill&auto=compress,/company/sendowl
171,Badass Software Agency,Contract,USA Only,Badass Software Agency Seeks Awesome PHP Engineer,/remote-jobs/badass-software-agency-badass-software-agency-seeks-awesome-php-engineer-1,-,-
172,Oddball,Full-Time,Anywhere (100% Remote) Only,Senior Java Engineer,/remote-jobs/oddball-senior-java-engineer,-,-
173,LaunchNotes,Full-Time,USA Only,Senior Software Engineer,/remote-jobs/launchnotes-senior-software-engineer,-,-
174,reacHIRE,Full-Time,Anywhere (100% Remote) Only,Ruby Developer,/remote-jobs/reachire-ruby-developer,https://we-work-remotely.imgix.net/logos/0017/0272/logo.gif?ixlib=rails-4.0.0&w=50&h=50&dpr=2&fit=fill&auto=compress,/company/reachire
175,TrendSpider LLC,Full-Time,Anywhere (100% Remote) Only,Backend Javascript Developer,/remote-jobs/trendspider-llc-backend-javascript-developer,-,-
176,PRI,Full-Time,Anywhere (100% Remote) Only,WordPress Developer,/remote-jobs/pri-wordpress-developer-3,-,-
177,U Practice,Contract,USA Only,Ruby Backend Engineer,/remote-jobs/u-practice-ruby-backend-engineer,-,-
178,Omnipresent,Full-Time,Anywhere (100% Remote) Only,Senior Backend Engineer,/remote-jobs/omnipresent-senior-backend-engineer,-,-
179,Reviewed,Full-Time,USA Only,Full-Stack Rails Developer,/remote-jobs/reviewed-full-stack-rails-developer,-,-
180,Checkout X,Full-Time,Europe Only,Mid/Senior Ruby on Rails Developer,/remote-jobs/checkout-x-mid-senior-ruby-on-rails-developer-1,https://we-work-remotely.imgix.net/logos/0017/0017/logo.gif?ixlib=rails-4.0.0&w=50&h=50&dpr=2&fit=fill&auto=compress,/company/checkout-x
181,Rounded,Full-Time,Anywhere (100% Remote) Only,Ruby on Rails and Javascript Developer,/remote-jobs/rounded-ruby-on-rails-and-javascript-developer,https://we-work-remotely.imgix.net/logos/0017/0881/logo.gif?ixlib=rails-4.0.0&w=50&h=50&dpr=2&fit=fill&auto=compress,/company/rounded
182,Smartwaiver,Full-Time,USA Only,Senior Full Stack Engineer – Remote,/remote-jobs/smartwaiver-senior-full-stack-engineer-remote,https://we-work-remotely.imgix.net/logos/0017/0878/logo.gif?ixlib=rails-4.0.0&w=50&h=50&dpr=2&fit=fill&auto=compress,/company/smartwaiver
183,TaxJar,Full-Time,USA Only,Full Stack Engineer (Rails / Vue),/remote-jobs/taxjar-full-stack-engineer-rails-vue,https://we-work-remotely.imgix.net/logos/0017/0875/logo.gif?ixlib=rails-4.0.0&w=50&h=50&dpr=2&fit=fill&auto=compress,/company/taxjar
184,TaxJar,Full-Time,USA Only,NetSuite Software Engineer,/remote-jobs/taxjar-netsuite-software-engineer,https://we-work-remotely.imgix.net/logos/0017/0874/logo.gif?ixlib=rails-4.0.0&w=50&h=50&dpr=2&fit=fill&auto=compress,/company/taxjar
185,reacHIRE,Full-Time,Anywhere (100% Remote) Only,Front-End Web Developer,/remote-jobs/reachire-front-end-web-developer,https://we-work-remotely.imgix.net/logos/0017/0869/logo.gif?ixlib=rails-4.0.0&w=50&h=50&dpr=2&fit=fill&auto=compress,/company/reachire
186,reacHIRE,Full-Time,Anywhere (100% Remote) Only,React Native / Mobile app Developer,/remote-jobs/reachire-react-native-mobile-app-developer,https://we-work-remotely.imgix.net/logos/0017/0868/logo.gif?ixlib=rails-4.0.0&w=50&h=50&dpr=2&fit=fill&auto=compress,/company/reachire
187,Files.com,Full-Time,U.S.A.,Senior Backend Engineer,/remote-jobs/files-com-senior-backend-engineer,https://we-work-remotely.imgix.net/logos/0015/8155/logo.gif?ixlib=rails-4.0.0&w=50&h=50&dpr=2&fit=fill&auto=compress,/company/files-com
188,FRDM,Full-Time,Americas Only,Senior Ruby On Rails Developer,/remote-jobs/frdm-senior-ruby-on-rails-developer,-,-
189,X-Team,Full-Time,Anywhere (100% Remote) Only,Node/AWS Developer,/remote-jobs/x-team-node-aws-developer,https://we-work-remotely.imgix.net/logos/0015/6127/logo.gif?ixlib=rails-4.0.0&w=50&h=50&dpr=2&fit=fill&auto=compress,/company/x-team
190,TechChange,Full-Time,Anywhere (100% Remote) Only,Full Stack Developer,/remote-jobs/techchange-full-stack-developer,https://we-work-remotely.imgix.net/logos/0017/0230/logo.gif?ixlib=rails-4.0.0&w=50&h=50&dpr=2&fit=fill&auto=compress,/company/techchange
191,Raining Clicks,Full-Time,USA Only,Full Stack Developer - Partner (90-180k Salary),/remote-jobs/raining-clicks-full-stack-developer-partner-90-180k-salary,-,-
192,Reify Health,Full-Time,USA Only,Data Analytics Engineer,/remote-jobs/reify-health-data-analytics-engineer-2,https://we-work-remotely.imgix.net/logos/0017/0291/logo.gif?ixlib=rails-4.0.0&w=50&h=50&dpr=2&fit=fill&auto=compress,/company/reify-health
193,Grayce,Full-Time,USA Only,Full-Stack Software Engineer - Rails / React / Typescript,/remote-jobs/grayce-full-stack-software-engineer-rails-react-typescript,https://we-work-remotely.imgix.net/logos/0017/0861/logo.gif?ixlib=rails-4.0.0&w=50&h=50&dpr=2&fit=fill&auto=compress,/company/grayce
194,Optimile,Full-Time,Europe Only,(Senior) Python Full Stack Software Developer,/remote-jobs/optimile-senior-python-full-stack-software-developer,-,-
195,Follow Up Boss,Full-Time,USA Only,Senior Full Stack Engineer,/remote-jobs/follow-up-boss-senior-full-stack-engineer-2,https://we-work-remotely.imgix.net/logos/0017/0214/logo.gif?ixlib=rails-4.0.0&w=50&h=50&dpr=2&fit=fill&auto=compress,/company/follow-up-boss
196,Marketing Services International B.V.,Full-Time,Europe Only,Senior Fullstack Laravel Engineer – Remote,/remote-jobs/marketing-services-international-b-v-senior-fullstack-laravel-engineer-remote,https://we-work-remotely.imgix.net/logos/0017/0849/logo.gif?ixlib=rails-4.0.0&w=50&h=50&dpr=2&fit=fill&auto=compress,/company/marketing-services-international-b-v
197,WP Media,Full-Time,Anywhere (100% Remote) Only,DevOps Systems Engineer (Remote),/remote-jobs/wp-media-devops-systems-engineer-remote,-,-
198,Farmgirl Flowers,Full-Time,Anywhere (100% Remote) Only,Full-Stack Software Engineer (Rails),/remote-jobs/farmgirl-flowers-full-stack-software-engineer-rails,https://we-work-remotely.imgix.net/logos/0016/9094/logo.gif?ixlib=rails-4.0.0&w=50&h=50&dpr=2&fit=fill&auto=compress,/company/farmgirl-flowers
199,CloudZero,Full-Time,USA Only,Senior Backend Engineer,/remote-jobs/cloudzero-senior-backend-engineer,-,-
200,OpenShipper,Full-Time,Anywhere (100% Remote) Only,Programmer Wanted for Web Development,/remote-jobs/openshipper-programmer-wanted-for-web-development,https://we-work-remotely.imgix.net/logos/0017/0840/logo.gif?ixlib=rails-4.0.0&w=50&h=50&dpr=2&fit=fill&auto=compress,/company/openshipper
201,Barrel,Contract,Anywhere (100% Remote) Only,Frontend Developer (Shopify),/remote-jobs/barrel-frontend-developer-shopify,https://we-work-remotely.imgix.net/logos/0017/0839/logo.gif?ixlib=rails-4.0.0&w=50&h=50&dpr=2&fit=fill&auto=compress,/company/barrel
202,Pixellu,Full-Time,Anywhere (100% Remote) Only,Software Development Manager / Scrum Master,/remote-jobs/pixellu-software-development-manager-scrum-master,https://we-work-remotely.imgix.net/logos/0017/0833/logo.gif?ixlib=rails-4.0.0&w=50&h=50&dpr=2&fit=fill&auto=compress,/company/pixellu
203,Clutch Prep,Full-Time,Anywhere (100% Remote) Only,Full-Stack Software Engineer,/remote-jobs/clutch-prep-full-stack-software-engineer,-,-
204,Cased,Full-Time,North America Only,Backend Engineer,/remote-jobs/cased-backend-engineer,https://we-work-remotely.imgix.net/logos/0017/0828/logo.gif?ixlib=rails-4.0.0&w=50&h=50&dpr=2&fit=fill&auto=compress,/company/cased
205,Cased,Full-Time,North America Only,Lead Frontend Engineer,/remote-jobs/cased-lead-frontend-engineer,https://we-work-remotely.imgix.net/logos/0017/0827/logo.gif?ixlib=rails-4.0.0&w=50&h=50&dpr=2&fit=fill&auto=compress,/company/cased
206,Showcase IDX,Full-Time,USA Only,Full Stack Engineer,/remote-jobs/showcase-idx-full-stack-engineer,-,-
207,BookingSync,Contract,Anywhere (100% Remote) Only,Lead Senior Ruby on Rails Developer,/remote-jobs/bookingsync-lead-senior-ruby-on-rails-developer,https://we-work-remotely.imgix.net/logos/0016/4005/logo.gif?ixlib=rails-4.0.0&w=50&h=50&dpr=2&fit=fill&auto=compress,/company/bookingsync
208,Ready,Full-Time,Anywhere (100% Remote) Only,Senior Full Stack Engineer,/remote-jobs/ready-senior-full-stack-engineer,https://we-work-remotely.imgix.net/logos/0017/0819/logo.gif?ixlib=rails-4.0.0&w=50&h=50&dpr=2&fit=fill&auto=compress,/company/ready
209,Showcase IDX,Full-Time,USA Only,Lead Ruby/Rails Engineer,/remote-jobs/showcase-idx-lead-ruby-rails-engineer,https://we-work-remotely.imgix.net/logos/0017/0824/logo.gif?ixlib=rails-4.0.0&w=50&h=50&dpr=2&fit=fill&auto=compress,/company/showcase-idx
210,TaxJar,Full-Time,USA Only,Senior Software Engineer (Ruby on Rails),/remote-jobs/taxjar-senior-software-engineer-ruby-on-rails,https://we-work-remotely.imgix.net/logos/0016/9654/logo.gif?ixlib=rails-4.0.0&w=50&h=50&dpr=2&fit=fill&auto=compress,/company/taxjar
211,Ticketmatic,Full-Time,Europe Only,Frontend developer,/remote-jobs/ticketmatic-frontend-developer,https://we-work-remotely.imgix.net/logos/0017/0810/logo.gif?ixlib=rails-4.0.0&w=50&h=50&dpr=2&fit=fill&auto=compress,/company/ticketmatic
212,Ticketmatic,Full-Time,Europe Only,PHP developer,/remote-jobs/ticketmatic-php-developer,https://we-work-remotely.imgix.net/logos/0017/0809/logo.gif?ixlib=rails-4.0.0&w=50&h=50&dpr=2&fit=fill&auto=compress,/company/ticketmatic
213,Ukufu Pty Ltd,Full-Time,-,Tech Lead,/remote-jobs/ukufu-pty-ltd-tech-lead,https://we-work-remotely.imgix.net/logos/0016/9082/logo.gif?ixlib=rails-4.0.0&w=50&h=50&dpr=2&fit=fill&auto=compress,/company/ukufu-pty-ltd
214,PIKTOCHART,Full-Time,Europe Only,Frontend Tech Lead,/remote-jobs/piktochart-frontend-tech-lead-1,-,-
215,Arc,Contract,Anywhere (100% Remote) Only,Java Developer,/remote-jobs/arc-java-developer-1,https://we-work-remotely.imgix.net/logos/0017/0804/logo.gif?ixlib=rails-4.0.0&w=50&h=50&dpr=2&fit=fill&auto=compress,/company/arc
216,Deep Consulting Solutions,Full-Time,Anywhere (100% Remote) Only,Front End Software Engineer (React),/remote-jobs/deep-consulting-solutions-front-end-software-engineer-react,https://we-work-remotely.imgix.net/logos/0017/0800/logo.gif?ixlib=rails-4.0.0&w=50&h=50&dpr=2&fit=fill&auto=compress,/company/deep-consulting-solutions
217,Thinkific,Full-Time,Canada Only,Senior Full Stack Engineer,/remote-jobs/thinkific-senior-full-stack-engineer,-,-
218,Clevertech,Full-Time,Anywhere (100% Remote) Only,React Native Developer,/remote-jobs/clevertech-react-native-developer-1,https://we-work-remotely.imgix.net/logos/0017/1170/logo.gif?ixlib=rails-4.0.0&w=50&h=50&dpr=2&fit=fill&auto=compress,/company/clevertech
219,Kickback Rewards System,Full-Time,Anywhere (100% Remote) Only,Mobile Application Developer (Python),/remote-jobs/kickback-rewards-system-mobile-application-developer-python,-,-
220,FingerprintJS,Full-Time,Anywhere (100% Remote) Only,Front-end developer,/remote-jobs/fingerprintjs-front-end-developer,-,-
221,G2i,Contract,Americas Only,Remote Contract Node.js Developer,/remote-jobs/g2i-remote-contract-node-js-developer,https://we-work-remotely.imgix.net/logos/0016/9623/logo.gif?ixlib=rails-4.0.0&w=50&h=50&dpr=2&fit=fill&auto=compress,/company/g2i
222,Laserhub GmbH,Full-Time,Europe Only,Senior Backend Developer (m/f/x) JavaScript,/remote-jobs/laserhub-gmbh-senior-backend-developer-m-f-x-javascript,https://we-work-remotely.imgix.net/logos/0017/0792/logo.gif?ixlib=rails-4.0.0&w=50&h=50&dpr=2&fit=fill&auto=compress,/company/laserhub-gmbh
223,Dataquest ,Full-Time,Anywhere (100% Remote) Only,Senior Product Engineer (Remote - Anywhere),/remote-jobs/dataquest-senior-product-engineer-remote-anywhere,https://we-work-remotely.imgix.net/logos/0016/1883/logo.gif?ixlib=rails-4.0.0&w=50&h=50&dpr=2&fit=fill&auto=compress,/company/dataquest
224,SmartFinancial.com,Full-Time,USA Only,Full Stak Engineer,/remote-jobs/smartfinancial-com-full-stak-engineer,https://we-work-remotely.imgix.net/logos/0017/0168/logo.gif?ixlib=rails-4.0.0&w=50&h=50&dpr=2&fit=fill&auto=compress,/company/smartfinancial-com
225,Bitovi ,Full-Time,USA Only,JavaScript Developer and Consultant,/remote-jobs/bitovi-javascript-developer-and-consultant-3,https://we-work-remotely.imgix.net/logos/0017/0276/logo.gif?ixlib=rails-4.0.0&w=50&h=50&dpr=2&fit=fill&auto=compress,/company/bitovi
226,DroneDeploy,Full-Time,USA Only,Senior JavaScript Software Engineer ,/remote-jobs/dronedeploy-senior-javascript-software-engineer,https://we-work-remotely.imgix.net/logos/0016/9588/logo.gif?ixlib=rails-4.0.0&w=50&h=50&dpr=2&fit=fill&auto=compress,/company/dronedeploy
227,Secret Source,Contract,Anywhere (100% Remote) Only,Web developer with experience in Node and Typescript,/remote-jobs/secret-source-web-developer-with-experience-in-node-and-typescript,https://we-work-remotely.imgix.net/logos/0017/0782/logo.gif?ixlib=rails-4.0.0&w=50&h=50&dpr=2&fit=fill&auto=compress,/company/secret-source
228,Mystery.org,Full-Time,USA Only,"Senior Software Engineer, Fullstack",/remote-jobs/mystery-org-senior-software-engineer-fullstack,https://we-work-remotely.imgix.net/logos/0017/0148/logo.gif?ixlib=rails-4.0.0&w=50&h=50&dpr=2&fit=fill&auto=compress,/company/mystery-org
229,Podsights,Full-Time,USA Only,Software Engineer,/remote-jobs/podsights-software-engineer-2,https://we-work-remotely.imgix.net/logos/0017/0775/logo.gif?ixlib=rails-4.0.0&w=50&h=50&dpr=2&fit=fill&auto=compress,/company/podsights
230,Nearsure,Full-Time,Americas Only,Senior Java Developer,/remote-jobs/nearsure-senior-java-developer,https://we-work-remotely.imgix.net/logos/0016/9738/logo.gif?ixlib=rails-4.0.0&w=50&h=50&dpr=2&fit=fill&auto=compress,/company/nearsure
231,Toptal,Full-Time,Anywhere (100% Remote) Only,"Freelance Azure Developer – Remote, Full-time",/remote-jobs/toptal-freelance-azure-developer-remote-full-time,https://we-work-remotely.imgix.net/logos/0017/0770/logo.gif?ixlib=rails-4.0.0&w=50&h=50&dpr=2&fit=fill&auto=compress,/company/toptal
232,The Predictive Index,Full-Time,USA Only,Senior Software Engineer - Full Stack,/remote-jobs/the-predictive-index-senior-software-engineer-full-stack,https://we-work-remotely.imgix.net/logos/0017/0138/logo.gif?ixlib=rails-4.0.0&w=50&h=50&dpr=2&fit=fill&auto=compress,/company/the-predictive-index
233,Arc,Full-Time,Anywhere (100% Remote) Only,Full-Stack Developer (NodeJS Backend oriented),/remote-jobs/arc-full-stack-developer-nodejs-backend-oriented,https://we-work-remotely.imgix.net/logos/0017/0768/logo.gif?ixlib=rails-4.0.0&w=50&h=50&dpr=2&fit=fill&auto=compress,/company/arc
234,Arc,Contract,Anywhere (100% Remote) Only,SAP Expert,/remote-jobs/arc-sap-expert,https://we-work-remotely.imgix.net/logos/0017/0767/logo.gif?ixlib=rails-4.0.0&w=50&h=50&dpr=2&fit=fill&auto=compress,/company/arc
235,Arc,Full-Time,Anywhere (100% Remote) Only,Software Development Manager - Windows Apps,/remote-jobs/arc-software-development-manager-windows-apps,https://we-work-remotely.imgix.net/logos/0017/0766/logo.gif?ixlib=rails-4.0.0&w=50&h=50&dpr=2&fit=fill&auto=compress,/company/arc
236,Arc,Full-Time,Anywhere (100% Remote) Only,Engineering Manager/SR Software Engineer (Full-stack: JS/HTML/CSS/Python/Flask),/remote-jobs/arc-engineering-manager-sr-software-engineer-full-stack-js-html-css-python-flask,https://we-work-remotely.imgix.net/logos/0017/0765/logo.gif?ixlib=rails-4.0.0&w=50&h=50&dpr=2&fit=fill&auto=compress,/company/arc
237,Power Home Remodeling,Full-Time,USA Only,Ruby on Rails Developer,/remote-jobs/power-home-remodeling-ruby-on-rails-developer,-,-
238,Aurora Solar,Full-Time,Canada Only,"Software Engineer, Frontend (Remote)",/remote-jobs/aurora-solar-software-engineer-frontend-remote,-,-
239,Aurora Solar,Full-Time,Canada Only,"Senior Software Engineer, Backend (Remote)",/remote-jobs/aurora-solar-senior-software-engineer-backend-remote,-,-
240,vidIQ,Full-Time,Anywhere (100% Remote) Only,Scala Developer (Remote),/remote-jobs/vidiq-scala-developer-remote,https://we-work-remotely.imgix.net/logos/0016/3934/logo.gif?ixlib=rails-4.0.0&w=50&h=50&dpr=2&fit=fill&auto=compress,/company/vidiq
241,Newfront,Full-Time,Americas Only,Engineering Manager,/remote-jobs/newfront-engineering-manager,https://we-work-remotely.imgix.net/logos/0017/0750/logo.gif?ixlib=rails-4.0.0&w=50&h=50&dpr=2&fit=fill&auto=compress,/company/newfront
242,Clevertech,Full-Time,Anywhere (100% Remote) Only,Senior Python Engineer,/remote-jobs/clevertech-senior-python-engineer,https://we-work-remotely.imgix.net/logos/0017/0113/logo.gif?ixlib=rails-4.0.0&w=50&h=50&dpr=2&fit=fill&auto=compress,/company/clevertech
243,Active Theory,Full-Time,Anywhere (100% Remote) Only,Senior Front End Developer,/remote-jobs/active-theory-senior-front-end-developer-1,https://we-work-remotely.imgix.net/logos/0017/0166/logo.gif?ixlib=rails-4.0.0&w=50&h=50&dpr=2&fit=fill&auto=compress,/company/active-theory
244,Sticker Mule,Full-Time,Anywhere (100% Remote) Only,Javascript Engineer,/remote-jobs/sticker-mule-javascript-engineer-1,https://we-work-remotely.imgix.net/logos/0017/0184/logo.gif?ixlib=rails-4.0.0&w=50&h=50&dpr=2&fit=fill&auto=compress,/company/sticker-mule
245,Dewaele Vastgoedgroep,Contract,Europe Only,SENIOR PYTHON DEVELOPER,/remote-jobs/dewaele-vastgoedgroep-senior-python-developer,-,-
246,Bubbling,Full-Time,Anywhere (100% Remote) Only,Python Full Stack Software Developer (senior) - remote,/remote-jobs/bubbling-python-full-stack-software-developer-senior-remote,https://we-work-remotely.imgix.net/logos/0017/0746/logo.gif?ixlib=rails-4.0.0&w=50&h=50&dpr=2&fit=fill&auto=compress,/company/bubbling
247,Leadfeeder,Full-Time,Europe Only,Data Engineer,/remote-jobs/leadfeeder-data-engineer,-,-
248,Bit Zesty,Full-Time,Anywhere (100% Remote) Only,Ruby on Rails Developer,/remote-jobs/bit-zesty-ruby-on-rails-developer,https://we-work-remotely.imgix.net/logos/0017/0096/logo.gif?ixlib=rails-4.0.0&w=50&h=50&dpr=2&fit=fill&auto=compress,/company/bit-zesty
249,X-Team,Full-Time,Anywhere (100% Remote) Only,React Native/iOS/UI/UX Developer,/remote-jobs/x-team-react-native-ios-ui-ux-developer,https://we-work-remotely.imgix.net/logos/0017/0095/logo.gif?ixlib=rails-4.0.0&w=50&h=50&dpr=2&fit=fill&auto=compress,/company/x-team
250,Primer.ai,Full-Time,Anywhere (100% Remote) Only,Senior Frontend Engineer,/remote-jobs/primer-ai-senior-frontend-engineer,https://we-work-remotely.imgix.net/logos/0017/0094/logo.gif?ixlib=rails-4.0.0&w=50&h=50&dpr=2&fit=fill&auto=compress,/company/primer-ai
251,Primer.ai,Full-Time,Anywhere (100% Remote) Only,Senior Backend Engineer,/remote-jobs/primer-ai-senior-backend-engineer,https://we-work-remotely.imgix.net/logos/0017/0083/logo.gif?ixlib=rails-4.0.0&w=50&h=50&dpr=2&fit=fill&auto=compress,/company/primer-ai
252,G2i Inc.,Contract,Americas Only,Remote Contract Node Developer,/remote-jobs/g2i-inc-remote-contract-node-developer,https://we-work-remotely.imgix.net/logos/0017/0067/logo.gif?ixlib=rails-4.0.0&w=50&h=50&dpr=2&fit=fill&auto=compress,/company/g2i-inc
253,Chargify,Full-Time,USA Only,Senior Software Engineer - Analytics Team,/remote-jobs/chargify-senior-software-engineer-analytics-team,-,-
254,ShipHero,Full-Time,Anywhere (100% Remote) Only,Data Engineer,/remote-jobs/shiphero-data-engineer,-,-
255,IRL,Full-Time,Remote,Senior Android Engineer,/remote-jobs/irl-senior-android-engineer,-,-
256,GooseChase,Full-Time,Anywhere (100% Remote) Only,Senior Android Engineer,/remote-jobs/goosechase-senior-android-engineer,https://we-work-remotely.imgix.net/logos/0017/0724/logo.gif?ixlib=rails-4.0.0&w=50&h=50&dpr=2&fit=fill&auto=compress,/company/goosechase
257,Authory,Full-Time,Anywhere (100% Remote) Only,Senior Frontend Engineer,/remote-jobs/authory-senior-frontend-engineer,https://we-work-remotely.imgix.net/logos/0017/0723/logo.gif?ixlib=rails-4.0.0&w=50&h=50&dpr=2&fit=fill&auto=compress,/company/authory
258,Six to Start,Full-Time,Anywhere (100% Remote) Only,Senior Mobile Developer,/remote-jobs/six-to-start-senior-mobile-developer-1,-,-
259,Awesome Motive Inc.,Full-Time,Anywhere (100% Remote) Only,WordPress Developer (PHP/JS),/remote-jobs/awesome-motive-inc-wordpress-developer-php-js-4,https://we-work-remotely.imgix.net/logos/0016/9695/logo.gif?ixlib=rails-4.0.0&w=50&h=50&dpr=2&fit=fill&auto=compress,/company/awesome-motive-inc
260,Toggl Track,Full-Time,Anywhere,Backend Developer,/remote-jobs/toggl-track-backend-developer,https://we-work-remotely.imgix.net/logos/0017/0815/logo.gif?ixlib=rails-4.0.0&w=50&h=50&dpr=2&fit=fill&auto=compress,/company/toggl-track
261,Files.com,Full-Time,U.S.A.,Frontend Engineer (ES8/React/Redux/Saga) ,/remote-jobs/files-com-frontend-engineer-es8-react-redux-saga,https://we-work-remotely.imgix.net/logos/0015/8156/logo.gif?ixlib=rails-4.0.0&w=50&h=50&dpr=2&fit=fill&auto=compress,/company/files-com
262,Localize,Full-Time,USA Only,Senior Full Stack Javascript Engineer,/remote-jobs/localize-senior-full-stack-javascript-engineer,https://we-work-remotely.imgix.net/logos/0016/4375/logo.gif?ixlib=rails-4.0.0&w=50&h=50&dpr=2&fit=fill&auto=compress,/company/localize
263,Springboard,Contract,Anywhere (100% Remote) Only,Software Engineering Mentor,/remote-jobs/springboard-software-engineering-mentor-1,https://we-work-remotely.imgix.net/logos/0016/3890/logo.gif?ixlib=rails-4.0.0&w=50&h=50&dpr=2&fit=fill&auto=compress,/company/springboard
264,mtc.,Full-Time,Anywhere (100% Remote) Only,Experienced PHP Backend Developer (Laravel / Wordpress / Magento 2),/remote-jobs/mtc-experienced-php-backend-developer-laravel-wordpress-magento-2,https://we-work-remotely.imgix.net/logos/0017/0719/logo.gif?ixlib=rails-4.0.0&w=50&h=50&dpr=2&fit=fill&auto=compress,/company/mtc
265,Producement,Full-Time,Anywhere (100% Remote) Only,Full Stack Engineer,/remote-jobs/producement-full-stack-engineer,-,-
266,Ebury,Contract,Europe Only,Events (Kafka) Tech Lead - Remote (GMT-5 max),/remote-jobs/ebury-events-kafka-tech-lead-remote-gmt-5-max,-,-
267,Uploan,Full-Time,Anywhere (100% Remote) Only,Full Stack Tech/Team Lead,/remote-jobs/uploan-full-stack-tech-team-lead,https://we-work-remotely.imgix.net/logos/0017/0429/logo.gif?ixlib=rails-4.0.0&w=50&h=50&dpr=2&fit=fill&auto=compress,/company/uploan
268,Algrano,Full-Time,Europe Only,Full-Stack Ruby on Rails Engineer,/remote-jobs/algrano-full-stack-ruby-on-rails-engineer-1,https://we-work-remotely.imgix.net/logos/0017/0693/logo.gif?ixlib=rails-4.0.0&w=50&h=50&dpr=2&fit=fill&auto=compress,/company/algrano
269,Betterteam,Full-Time,North America Only,Senior Software Engineer - Haskell/Golang,/remote-jobs/betterteam-senior-software-engineer-haskell-golang,https://we-work-remotely.imgix.net/logos/0017/0690/logo.gif?ixlib=rails-4.0.0&w=50&h=50&dpr=2&fit=fill&auto=compress,/company/betterteam
270,Chameleon,Full-Time,Anywhere (100% Remote) Only,Front-End Developer,/remote-jobs/chameleon-front-end-developer,-,-
271,Bitovi,Full-Time,Anywhere (100% Remote) Only,Angular Developer and Consultant (Remote),/remote-jobs/bitovi-angular-developer-and-consultant-remote,https://we-work-remotely.imgix.net/logos/0017/0687/logo.gif?ixlib=rails-4.0.0&w=50&h=50&dpr=2&fit=fill&auto=compress,/company/bitovi
272,Bonfire,Full-Time,Europe Only,Senior Java Developer,/remote-jobs/bonfire-senior-java-developer-1,https://we-work-remotely.imgix.net/logos/0017/0686/logo.gif?ixlib=rails-4.0.0&w=50&h=50&dpr=2&fit=fill&auto=compress,/company/bonfire
273,Bonfire,Full-Time,Europe Only,Director of Engineering,/remote-jobs/bonfire-director-of-engineering,-,-
274,TrueCoach,Full-Time,USA Only,Senior Backend Engineer,/remote-jobs/truecoach-senior-backend-engineer,https://we-work-remotely.imgix.net/logos/0017/0671/logo.gif?ixlib=rails-4.0.0&w=50&h=50&dpr=2&fit=fill&auto=compress,/company/truecoach
275,Loop Link,Full-Time,USA Only,Lead PHP Engineer,/remote-jobs/loop-link-lead-php-engineer-1,https://we-work-remotely.imgix.net/logos/0017/0668/logo.gif?ixlib=rails-4.0.0&w=50&h=50&dpr=2&fit=fill&auto=compress,/company/loop-link
276,Ebury,Contract,Europe Only,Senior Python Developer - Remote,/remote-jobs/ebury-senior-python-developer-remote,-,-
277,Webinterpret,Full-Time,Europe Only,Python Developer,/remote-jobs/webinterpret-python-developer,https://we-work-remotely.imgix.net/logos/0017/0662/logo.gif?ixlib=rails-4.0.0&w=50&h=50&dpr=2&fit=fill&auto=compress,/company/webinterpret
278,Ebury,Contract,Europe Only,Software Development Team Lead,/remote-jobs/ebury-software-development-team-lead,-,-
279,MemberPress,Full-Time,USA Only,WordPress Developer,/remote-jobs/memberpress-wordpress-developer,https://we-work-remotely.imgix.net/logos/0016/4320/logo.gif?ixlib=rails-4.0.0&w=50&h=50&dpr=2&fit=fill&auto=compress,/company/memberpress
280,"Oddball, Inc.",Full-Time,USA Only,Node.js Engineer,/remote-jobs/oddball-inc-node-js-engineer,-,-
281,Doximity,Full-Time,Anywhere (100% Remote) Only,iOS Developer,/remote-jobs/doximity-ios-developer,https://we-work-remotely.imgix.net/logos/0016/9249/logo.gif?ixlib=rails-4.0.0&w=50&h=50&dpr=2&fit=fill&auto=compress,/company/doximity
282,MetaCX,Full-Time,USA Only,Software Engineering Manager,/remote-jobs/metacx-software-engineering-manager,-,-
283,"Trice Imaging, Inc.",Full-Time,USA Only,Senior Backend Software Engineer,/remote-jobs/trice-imaging-inc-senior-backend-software-engineer,-,-
284,Agiletestware,Full-Time,Anywhere (100% Remote) Only,Senior ReactJS Developer,/remote-jobs/agiletestware-senior-reactjs-developer,https://we-work-remotely.imgix.net/logos/0017/0673/logo.gif?ixlib=rails-4.0.0&w=50&h=50&dpr=2&fit=fill&auto=compress,/company/agiletestware
285,Clipboard Health,Full-Time,Anywhere (100% Remote) Only,Full Stack Software Engineer,/remote-jobs/clipboard-health-full-stack-software-engineer,https://we-work-remotely.imgix.net/logos/0016/4013/logo.gif?ixlib=rails-4.0.0&w=50&h=50&dpr=2&fit=fill&auto=compress,/company/clipboard-health
286,Eight,Full-Time,Europe Only,Senior Front-End Developer,/remote-jobs/eight-senior-front-end-developer,https://we-work-remotely.imgix.net/logos/0017/0638/logo.gif?ixlib=rails-4.0.0&w=50&h=50&dpr=2&fit=fill&auto=compress,/company/eight
287,Storetasker,Contract,North America Only,Freelance Shopify Developers Needed,/remote-jobs/storetasker-freelance-shopify-developers-needed-1,https://we-work-remotely.imgix.net/logos/0017/0021/logo.gif?ixlib=rails-4.0.0&w=50&h=50&dpr=2&fit=fill&auto=compress,/company/storetasker
288,Retrium,Full-Time,USA Only,Senior JavaScript Engineer,/remote-jobs/retrium-senior-javascript-engineer,-,-
289,Nearsure,Full-Time,Americas Only,Python Lead Engineer,/remote-jobs/nearsure-python-lead-engineer,https://we-work-remotely.imgix.net/logos/0017/0683/logo.gif?ixlib=rails-4.0.0&w=50&h=50&dpr=2&fit=fill&auto=compress,/company/nearsure
290,Aha!,Full-Time,North America Only,Sr. Security Engineer (program experience required),/remote-jobs/aha-sr-security-engineer-program-experience-required,https://we-work-remotely.imgix.net/logos/0017/0637/logo.gif?ixlib=rails-4.0.0&w=50&h=50&dpr=2&fit=fill&auto=compress,/company/aha
291,Aha!,Full-Time,North America Only,Sr. Security Engineer (Ruby on Rails experience required),/remote-jobs/aha-sr-security-engineer-ruby-on-rails-experience-required,https://we-work-remotely.imgix.net/logos/0017/0636/logo.gif?ixlib=rails-4.0.0&w=50&h=50&dpr=2&fit=fill&auto=compress,/company/aha
292,UrgentPoint,Full-Time,USA Only,Mid level Full Stack Software Engineer ,/remote-jobs/urgentpoint-mid-level-full-stack-software-engineer,https://we-work-remotely.imgix.net/logos/0017/0633/logo.gif?ixlib=rails-4.0.0&w=50&h=50&dpr=2&fit=fill&auto=compress,/company/urgentpoint
293,Impossible Bureau,Contract,Anywhere (100% Remote) Only,Senior Software Developer / Creative Technologist,/remote-jobs/impossible-bureau-senior-software-developer-creative-technologist,-,-
294,"Our Hometown, Inc",Full-Time,USA Only,Junior Full Stack Software Engineer – REMOTE – Full Time,/remote-jobs/our-hometown-inc-junior-full-stack-software-engineer-remote-full-time,https://we-work-remotely.imgix.net/logos/0017/0010/logo.gif?ixlib=rails-4.0.0&w=50&h=50&dpr=2&fit=fill&auto=compress,/company/our-hometown-inc
295,BuildBook,Full-Time,USA Only,Product Engineer,/remote-jobs/buildbook-product-engineer,https://we-work-remotely.imgix.net/logos/0017/0629/logo.gif?ixlib=rails-4.0.0&w=50&h=50&dpr=2&fit=fill&auto=compress,/company/buildbook
296,Bevy,Full-Time,Anywhere (100% Remote) Only,Software Engineer-General,/remote-jobs/bevy-software-engineer-general,-,-
297,reacHIRE,Full-Time,North America Only,React Native - Front End Developer (remote),/remote-jobs/reachire-react-native-front-end-developer-remote,https://we-work-remotely.imgix.net/logos/0017/0009/logo.gif?ixlib=rails-4.0.0&w=50&h=50&dpr=2&fit=fill&auto=compress,/company/reachire
298,Wirecutter,Full-Time,Anywhere (100% Remote) Only,Front-end Software Engineer,/remote-jobs/wirecutter-front-end-software-engineer,-,-
299,Clevertech,Full-Time,Anywhere (100% Remote) Only,Backend Engineer - Node ,/remote-jobs/clevertech-backend-engineer-node,https://we-work-remotely.imgix.net/logos/0016/3828/logo.gif?ixlib=rails-4.0.0&w=50&h=50&dpr=2&fit=fill&auto=compress,/company/clevertech
300,Clevertech,Full-Time,Anywhere (100% Remote) Only,DevOps Engineer,/remote-jobs/clevertech-devops-engineer-1,https://we-work-remotely.imgix.net/logos/0016/3827/logo.gif?ixlib=rails-4.0.0&w=50&h=50&dpr=2&fit=fill&auto=compress,/company/clevertech
301,CVEDIA,Full-Time,Anywhere (100% Remote) Only,Senior Machine Learning Engineer - Remote - EU Time Zone,/remote-jobs/cvedia-senior-machine-learning-engineer-remote-eu-time-zone,-,-
302,DeversiFi,Full-Time,Europe Only,Senior Backend Developer,/remote-jobs/deversifi-senior-backend-developer,https://we-work-remotely.imgix.net/logos/0016/9999/logo.gif?ixlib=rails-4.0.0&w=50&h=50&dpr=2&fit=fill&auto=compress,/company/deversifi
303,Sidekick Therapy Partners,Full-Time,USA Only,Full-stack Rails developer,/remote-jobs/sidekick-therapy-partners-full-stack-rails-developer,-,-
304,Healthy Back Institute,Contract,Anywhere (100% Remote) Only,Data Engineer (Contract-Remote),/remote-jobs/healthy-back-institute-data-engineer-contract-remote,-,-
305,Elevate Labs,Full-Time,North America Only,Senior Android Engineer,/remote-jobs/elevate-labs-senior-android-engineer-1,-,-
306,Titan School Solutions,Full-Time,-,Sr. DevOps Engineer,/remote-jobs/titan-school-solutions-sr-devops-engineer,-,-
307,Impactian,Full-Time,Anywhere (100% Remote) Only,"Freelance Front-End Developer - Remote, Full-time/Part-time Options",/remote-jobs/impactian-freelance-front-end-developer-remote-full-time-part-time-options,https://we-work-remotely.imgix.net/logos/0017/0612/logo.gif?ixlib=rails-4.0.0&w=50&h=50&dpr=2&fit=fill&auto=compress,/company/impactian
308,Oddball,Full-Time,USA Only,Senior Node.js Engineer,/remote-jobs/oddball-senior-node-js-engineer,-,-
309,"Trice Imaging, Inc.",Full-Time,USA Only,Senior Edge Software Engineer,/remote-jobs/trice-imaging-inc-senior-edge-software-engineer,-,-
310,Oddball,Full-Time,USA Only,Senior Rails Engineer,/remote-jobs/oddball-senior-rails-engineer-4,-,-
311,Labelbox,Full-Time,North America Only,"Sr. Software Engineer, Fullstack @ Machine Learning Startup",/remote-jobs/labelbox-sr-software-engineer-fullstack-machine-learning-startup,https://we-work-remotely.imgix.net/logos/0016/0958/logo.gif?ixlib=rails-4.0.0&w=50&h=50&dpr=2&fit=fill&auto=compress,/company/labelbox
312,Clipboard Health,Full-Time,Anywhere (100% Remote) Only,Senior Technical Lead,/remote-jobs/clipboard-health-senior-technical-lead,-,-
313,Doximity,Full-Time,USA Only,"Software Engineer, Data Engineering",/remote-jobs/doximity-software-engineer-data-engineering,https://we-work-remotely.imgix.net/logos/0016/9250/logo.gif?ixlib=rails-4.0.0&w=50&h=50&dpr=2&fit=fill&auto=compress,/company/doximity
314,Secure Privacy,Full-Time,Anywhere (100% Remote) Only,Senior Backend Web Developer (.NET/C#),/remote-jobs/secure-privacy-senior-backend-web-developer-net-c,https://we-work-remotely.imgix.net/logos/0017/0601/logo.gif?ixlib=rails-4.0.0&w=50&h=50&dpr=2&fit=fill&auto=compress,/company/secure-privacy
315,Moment,Full-Time,USA Only,Full Stack Engineer,/remote-jobs/moment-full-stack-engineer,-,-
316,Bevy,Full-Time,Anywhere (100% Remote) Only,Software Development Engineer - Test (SDET),/remote-jobs/bevy-software-development-engineer-test-sdet,-,-
317,MercuryWorks,Full-Time,USA Only,Back-end Engineer (.NET),/remote-jobs/mercuryworks-back-end-engineer-net,https://we-work-remotely.imgix.net/logos/0017/0592/logo.gif?ixlib=rails-4.0.0&w=50&h=50&dpr=2&fit=fill&auto=compress,/company/mercuryworks
318,CartKit,Full-Time,Anywhere (100% Remote) Only,Full Stack Engineer @ CartKit,/remote-jobs/cartkit-full-stack-engineer-cartkit,https://we-work-remotely.imgix.net/logos/0015/9681/logo.gif?ixlib=rails-4.0.0&w=50&h=50&dpr=2&fit=fill&auto=compress,/company/cartkit
319,"Sherpa, Inc.",Full-Time,Americas Only,Data Engineer for awesome small and successful startup,/remote-jobs/sherpa-inc-data-engineer-for-awesome-small-and-successful-startup,https://we-work-remotely.imgix.net/logos/0017/0588/logo.gif?ixlib=rails-4.0.0&w=50&h=50&dpr=2&fit=fill&auto=compress,/company/sherpa-inc
320,X-Team,Full-Time,Anywhere (100% Remote) Only,Ruby/Go Developer,/remote-jobs/x-team-ruby-go-developer,https://we-work-remotely.imgix.net/logos/0015/6807/logo.gif?ixlib=rails-4.0.0&w=50&h=50&dpr=2&fit=fill&auto=compress,/company/x-team
321,X-Team,Full-Time,Anywhere (100% Remote) Only,Go Developer,/remote-jobs/x-team-go-developer-1,https://we-work-remotely.imgix.net/logos/0015/6806/logo.gif?ixlib=rails-4.0.0&w=50&h=50&dpr=2&fit=fill&auto=compress,/company/x-team
322,X-Team,Full-Time,Anywhere (100% Remote) Only,Integrations Engineer,/remote-jobs/x-team-integrations-engineer,https://we-work-remotely.imgix.net/logos/0015/6805/logo.gif?ixlib=rails-4.0.0&w=50&h=50&dpr=2&fit=fill&auto=compress,/company/x-team
323,Bitovi,Full-Time,Anywhere (100% Remote) Only,React Developer and Consultant,/remote-jobs/bitovi-react-developer-and-consultant,https://we-work-remotely.imgix.net/logos/0017/0586/logo.gif?ixlib=rails-4.0.0&w=50&h=50&dpr=2&fit=fill&auto=compress,/company/bitovi
324,FingerprintJS,Full-Time,Anywhere (100% Remote) Only,"Mobile Software Engineer, Android",/remote-jobs/fingerprintjs-mobile-software-engineer-android,-,-
325,Reify Health,Full-Time,USA Only,Data Engineer,/remote-jobs/reify-health-data-engineer-1,https://we-work-remotely.imgix.net/logos/0017/0585/logo.gif?ixlib=rails-4.0.0&w=50&h=50&dpr=2&fit=fill&auto=compress,/company/reify-health
326,Lifetimely,Full-Time,Anywhere (100% Remote) Only,Senior Ruby on Rails engineer for B2B SaaS company,/remote-jobs/lifetimely-senior-ruby-on-rails-engineer-for-b2b-saas-company,https://we-work-remotely.imgix.net/logos/0017/1018/logo.gif?ixlib=rails-4.0.0&w=50&h=50&dpr=2&fit=fill&auto=compress,/company/lifetimely
327,Chili Piper,Full-Time,Anywhere (100% Remote) Only,QA Engineer,/remote-jobs/chili-piper-qa-engineer,https://we-work-remotely.imgix.net/logos/0016/1731/logo.gif?ixlib=rails-4.0.0&w=50&h=50&dpr=2&fit=fill&auto=compress,/company/chili-piper
328,RemoteLock,Full-Time,Americas Only,Senior Full-stack Engineer (Ruby on Rails),/remote-jobs/remotelock-senior-full-stack-engineer-ruby-on-rails-2,-,-
329,LOFT,Full-Time,USA Only,Software Support Engineer (Remote),/remote-jobs/loft-software-support-engineer-remote,-,-
330,"Brivity, Inc.",Full-Time,North America Only,Senior Software Engineer - Web Apps,/remote-jobs/brivity-inc-senior-software-engineer-web-apps-1,https://we-work-remotely.imgix.net/logos/0016/1140/logo.gif?ixlib=rails-4.0.0&w=50&h=50&dpr=2&fit=fill&auto=compress,/company/brivity-inc
331,Postie,Full-Time,USA Only,Scala Engineer,/remote-jobs/postie-scala-engineer,https://we-work-remotely.imgix.net/logos/0017/0569/logo.gif?ixlib=rails-4.0.0&w=50&h=50&dpr=2&fit=fill&auto=compress,/company/postie
332,KBMax,Full-Time,USA Only,Front End Web Developer ~ Virtual Office,/remote-jobs/kbmax-front-end-web-developer-virtual-office,https://we-work-remotely.imgix.net/logos/0016/9593/logo.gif?ixlib=rails-4.0.0&w=50&h=50&dpr=2&fit=fill&auto=compress,/company/kbmax
333,Shrine Development,Contract,North America Only,Senior Software Engineer,/remote-jobs/shrine-development-senior-software-engineer,https://we-work-remotely.imgix.net/logos/0016/4265/logo.gif?ixlib=rails-4.0.0&w=50&h=50&dpr=2&fit=fill&auto=compress,/company/shrine-development
334,G2i Inc.,Contract,Americas Only,Remote Contract React Native Engineer,/remote-jobs/g2i-inc-remote-contract-react-native-engineer-6,https://we-work-remotely.imgix.net/logos/0016/4242/logo.gif?ixlib=rails-4.0.0&w=50&h=50&dpr=2&fit=fill&auto=compress,/company/g2i-inc
335,DemandMatrix,Full-Time,Anywhere (100% Remote) Only,Tech Lead - Web Scraping,/remote-jobs/demandmatrix-tech-lead-web-scraping,-,-
336,LocusLabs,Full-Time,Americas Only,JavaScript Software Engineer (U.S. remote OK),/remote-jobs/locuslabs-javascript-software-engineer-u-s-remote-ok,https://we-work-remotely.imgix.net/logos/0017/0563/logo.gif?ixlib=rails-4.0.0&w=50&h=50&dpr=2&fit=fill&auto=compress,/company/locuslabs
337,-,-,-,-,-,-,-
